Plot,Tleaf,Tleaf.std.error
within,29.13536579,0.279756865
control,32.48534884,0.398677317
